Заголовок объявления;Описание;Ссылка на пост;Промт для изображения
Как массажисту заполнить окна без скидок «на всё»;В межсезонье пустые часы редко закрываются постом «есть окошки». Клиенту нужно понять, зачем прийти именно сейчас. Читайте в блоге Промт Диалог.;https://promtdialog.ru/blog/kak-massazhistu-zapolnit-okna-bez-skidok-na-vse;Плоская векторная иллюстрация, тёплая цветовая палитра синего и персикового: мастер-массажист, спокойный уверенный взрослый, руки в перчатках, массажный кабинет со свечами и полотенцами, рядом плавают иконки соцсетей, рекламных объявлений и стрелка роста заявок, современный минималистичный стиль, мягкий свет, без текста на изображении
Почему уроки не внедряются — и как это меняет Академия;Посмотрели курс, сохранили заметки — а в работе ничего не изменилось? Разбираем, как учиться так, чтобы знания доходили до записи. Читайте в блоге Промт Диалог.;https://promtdialog.ru/blog/pochemu-uroki-ne-vnedryayutsya-i-kak-eto-menyaet;Плоская векторная иллюстрация, тёплая цветовая палитра синего и персикового: мастер маникюра/бровист за рабочим столом в светлой студии красоты, на фоне интерфейс мобильного приложения с уроками и кнопками ИИ-инструментов, современный минималистичный стиль, мягкий свет, без текста на изображении
Напоминания, на которые клиент отвечает;Неявки редко случаются «внезапно». Настройте короткую цепочку сообщений, чтобы клиент подтвердил визит заранее. Читайте в блоге Промт Диалог.;https://promtdialog.ru/blog/napominaniya-na-kotorye-klient-otvechaet;Плоская векторная иллюстрация, тёплая цветовая палитра синего и персикового: администратор салона красоты за стойкой ресепшн с планшетом и календарём записи, на фоне лёгкие иконки сообщений, сердечка и календаря напоминаний, современный минималистичный стиль, мягкий свет, без текста на изображении
Как научить администратора продавать без робоскриптов;Администратор читает заученный текст — клиент чувствует давление. Настройте систему, в которой допродажа звучит как полезная рекомендация. Читайте в блоге Промт Диалог.;https://promtdialog.ru/blog/kak-nauchit-administratora-prodavat-bez-roboskriptov;Плоская векторная иллюстрация, тёплая цветовая палитра синего и персикового: владелец/владелица салона красоты, уверенная поза, смотрит на графики роста выручки на планшете, на фоне иконки чека с растущей суммой и подарочная коробка услуг, современный минималистичный стиль, мягкий свет, без текста на изображении
Страница психолога: чтобы формат был понятен сразу;Страница частной практики должна не убеждать, а помогать человеку понять: подойдёт ли ему ваш формат и как сделать первый шаг. Читайте в блоге Промт Диалог.;https://promtdialog.ru/blog/stranitsa-psihologa-chtoby-format-byl-ponyaten-srazu;Плоская векторная иллюстрация, тёплая цветовая палитра синего и персикового: психолог в частном кабинете, тёплый спокойный свет, кресло и блокнот, рядом плавают иконки соцсетей, рекламных объявлений и стрелка роста заявок, современный минималистичный стиль, мягкий свет, без текста на изображении
Отзыв о массаже: ответ, который укрепляет доверие;Клиент читает не только отзыв, но и вашу реакцию на него. Разбираем, как использовать генератор ответов без сухих шаблонов. Читайте в блоге Промт Диалог.;https://promtdialog.ru/blog/otzyv-o-massazhe-otvet-kotoryy-ukreplyaet-doverie;Плоская векторная иллюстрация, тёплая цветовая палитра синего и персикового: мастер-массажист, спокойный уверенный взрослый, руки в перчатках, массажный кабинет со свечами и полотенцами, на фоне интерфейс мобильного приложения с уроками и кнопками ИИ-инструментов, современный минималистичный стиль, мягкий свет, без текста на изображении
Доход растёт, когда вы видите смысл в каждом визите;Смена заканчивается, а ощущение — будто просто отработали часы? Вернуть азарт помогает не жёсткая цель по деньгам, а понятный результат общения с клиентом. Читайте в блоге Промт Диалог.;https://promtdialog.ru/blog/dohod-rastet-kogda-vy-vidite-smysl-v-kazhdom;Плоская векторная иллюстрация, тёплая цветовая палитра синего и персикового: мастер маникюра/бровист за рабочим столом в светлой студии красоты, на фоне лёгкие иконки сообщений, сердечка и календаря напоминаний, современный минималистичный стиль, мягкий свет, без текста на изображении
Абонемент продаёт не скидка, а понятный следующий шаг;Как администратору предлагать пакеты услуг у стойки и в переписке без давления — через задачу клиента и конкретные фразы. Читайте в блоге Промт Диалог.;https://promtdialog.ru/blog/abonement-prodaet-ne-skidka-a-ponyatnyy-sleduyuschiy-shag;Плоская векторная иллюстрация, тёплая цветовая палитра синего и персикового: администратор салона красоты за стойкой ресепшн с планшетом и календарём записи, на фоне иконки чека с растущей суммой и подарочная коробка услуг, современный минималистичный стиль, мягкий свет, без текста на изображении
Соцсети салона: как вести к записи, а не к лайкам;Красивый профиль не заполняет окна сам по себе. Настройте соцсети как понятный маршрут от первого просмотра до записи. Читайте в блоге Промт Диалог.;https://promtdialog.ru/blog/sotsseti-salona-kak-vesti-k-zapisi-a-ne;Плоская векторная иллюстрация, тёплая цветовая палитра синего и персикового: владелец/владелица салона красоты, уверенная поза, смотрит на графики роста выручки на планшете, рядом плавают иконки соцсетей, рекламных объявлений и стрелка роста заявок, современный минималистичный стиль, мягкий свет, без текста на изображении
Как психологу выбирать курсы в Академии;Не каждый урок, полезный для развития практики, должен называться «для психологов». Смотрите на задачу, которую хотите решить сейчас. Читайте в блоге Промт Диалог.;https://promtdialog.ru/blog/kak-psihologu-vybirat-kursy-v-akademii;Плоская векторная иллюстрация, тёплая цветовая палитра синего и персикового: психолог в частном кабинете, тёплый спокойный свет, кресло и блокнот, на фоне интерфейс мобильного приложения с уроками и кнопками ИИ-инструментов, современный минималистичный стиль, мягкий свет, без текста на изображении
Первые три визита: как клиент выбирает «своего»...;Разовый клиент не становится постоянным после фразы «приходите ещё». Его решение складывается из трёх спокойных и точных контактов. Читайте в блоге Промт Диалог.;https://promtdialog.ru/blog/pervye-tri-vizita-kak-klient-vybiraet-svoego-massazhista;Плоская векторная иллюстрация, тёплая цветовая палитра синего и персикового: мастер-массажист, спокойный уверенный взрослый, руки в перчатках, массажный кабинет со свечами и полотенцами, на фоне лёгкие иконки сообщений, сердечка и календаря напоминаний, современный минималистичный стиль, мягкий свет, без текста на изображении
Допродажи без неловкости: система мастера;Клиента раздражает не допуслуга, а предложение «на всякий случай». Соберите понятную систему рекомендаций — и разговор станет частью заботы. Читайте в блоге Промт Диалог.;https://promtdialog.ru/blog/doprodazhi-bez-nelovkosti-sistema-mastera;Плоская векторная иллюстрация, тёплая цветовая палитра синего и персикового: мастер маникюра/бровист за рабочим столом в светлой студии красоты, на фоне иконки чека с растущей суммой и подарочная коробка услуг, современный минималистичный стиль, мягкий свет, без текста на изображении
Сарафан начинается с одной фразы администратора;Рекомендации не появляются сами после хорошей процедуры. Их запускает момент, который администратор может создать за 20 секунд. Читайте в блоге Промт Диалог.;https://promtdialog.ru/blog/sarafan-nachinaetsya-s-odnoy-frazy-administratora;Плоская векторная иллюстрация, тёплая цветовая палитра синего и персикового: администратор салона красоты за стойкой ресепшн с планшетом и календарём записи, рядом плавают иконки соцсетей, рекламных объявлений и стрелка роста заявок, современный минималистичный стиль, мягкий свет, без текста на изображении
Почему уроки в Академии не остаются «на потом»;Видео легко посмотреть между встречами и забыть. В Академии обучение можно сразу превратить в управленческое действие для салона. Читайте в блоге Промт Диалог.;https://promtdialog.ru/blog/pochemu-uroki-v-akademii-ne-ostayutsya-na-potom;Плоская векторная иллюстрация, тёплая цветовая палитра синего и персикового: владелец/владелица салона красоты, уверенная поза, смотрит на графики роста выручки на планшете, на фоне интерфейс мобильного приложения с уроками и кнопками ИИ-инструментов, современный минималистичный стиль, мягкий свет, без текста на изображении
Как попросить отзыв без давления на клиента;Публичный отзыв о психологе всегда связан с риском раскрыть сам факт обращения. Вот как запросить обратную связь бережно и этично. Читайте в блоге Промт Диалог.;https://promtdialog.ru/blog/kak-poprosit-otzyv-bez-davleniya-na-klienta;Плоская векторная иллюстрация, тёплая цветовая палитра синего и персикового: психолог в частном кабинете, тёплый спокойный свет, кресло и блокнот, на фоне лёгкие иконки сообщений, сердечка и календаря напоминаний, современный минималистичный стиль, мягкий свет, без текста на изображении
3 цифры, которые держат допродажи массажиста;Если смотреть только на число записей, легко не заметить, где теряются деньги. Эти три метрики покажут точку роста без давления на клиента. Читайте в блоге Промт Диалог.;https://promtdialog.ru/blog/3-tsifry-kotorye-derzhat-doprodazhi-massazhista;Плоская векторная иллюстрация, тёплая цветовая палитра синего и персикового: мастер-массажист, спокойный уверенный взрослый, руки в перчатках, массажный кабинет со свечами и полотенцами, на фоне иконки чека с растущей суммой и подарочная коробка услуг, современный минималистичный стиль, мягкий свет, без текста на изображении
Сторис и Reels, после которых клиент записывается;Красивое видео не равно заявка. Покажите человеку его задачу, ваш подход и простой путь к свободному окну. Читайте в блоге Промт Диалог.;https://promtdialog.ru/blog/storis-i-reels-posle-kotoryh-klient-zapisyvaetsya;Плоская векторная иллюстрация, тёплая цветовая палитра синего и персикового: мастер маникюра/бровист за рабочим столом в светлой студии красоты, рядом плавают иконки соцсетей, рекламных объявлений и стрелка роста заявок, современный минималистичный стиль, мягкий свет, без текста на изображении
«Мой салон»: почему ИИ без профиля отвечает мимо;Чтобы не переписывать контекст салона в каждом запросе, один раз заполните профиль. Это основа персональных ИИ-инструментов. Читайте в блоге Промт Диалог.;https://promtdialog.ru/blog/moy-salon-pochemu-ii-bez-profilya-otvechaet-mimo;Плоская векторная иллюстрация, тёплая цветовая палитра синего и персикового: администратор салона красоты за стойкой ресепшн с планшетом и календарём записи, на фоне интерфейс мобильного приложения с уроками и кнопками ИИ-инструментов, современный минималистичный стиль, мягкий свет, без текста на изображении
Как вернуть клиентов, ушедших к конкурентам;Ушедший клиент — не всегда потерянный. Владельцу важно не запускать скидочную рассылку, а выстроить понятную систему возврата. Читайте в блоге Промт Диалог.;https://promtdialog.ru/blog/kak-vernut-klientov-ushedshih-k-konkurentam;Плоская векторная иллюстрация, тёплая цветовая палитра синего и персикового: владелец/владелица салона красоты, уверенная поза, смотрит на графики роста выручки на планшете, на фоне лёгкие иконки сообщений, сердечка и календаря напоминаний, современный минималистичный стиль, мягкий свет, без текста на изображении
Комплекты массажа, которые поднимают чек без нажима;Разовая процедура часто оставляет клиента с ощущением «стало легче — посмотрим». Соберите понятные комплекты под его реальный запрос. Читайте в блоге Промт Диалог.;https://promtdialog.ru/blog/komplekty-massazha-kotorye-podnimayut-chek-bez-nazhima;Плоская векторная иллюстрация, тёплая цветовая палитра синего и персикового: мастер-массажист, спокойный уверенный взрослый, руки в перчатках, массажный кабинет со свечами и полотенцами, на фоне иконки чека с растущей суммой и подарочная коробка услуг, современный минималистичный стиль, мягкий свет, без текста на изображении
Во сколько вам обходится новый клиент из рекламы;Реклама может давать сообщения, но не записи. Посчитайте стоимость клиента так, чтобы не оплачивать продвижение вслепую. Читайте в блоге Промт Диалог.;https://promtdialog.ru/blog/vo-skolko-vam-obhoditsya-novyy-klient-iz-reklamy;Плоская векторная иллюстрация, тёплая цветовая палитра синего и персикового: мастер маникюра/бровист за рабочим столом в светлой студии красоты, рядом плавают иконки соцсетей, рекламных объявлений и стрелка роста заявок, современный минималистичный стиль, мягкий свет, без текста на изображении
Кто тянет запись, а кто теряет клиентов;Иногда по расписанию мастер занят, а салон всё равно недобирает выручку. Разбираем, как администратору подготовить данные для Аудита персонала. Читайте в блоге Промт Диалог.;https://promtdialog.ru/blog/kto-tyanet-zapis-a-kto-teryaet-klientov;Плоская векторная иллюстрация, тёплая цветовая палитра синего и персикового: администратор салона красоты за стойкой ресепшн с планшетом и календарём записи, на фоне интерфейс мобильного приложения с уроками и кнопками ИИ-инструментов, современный минималистичный стиль, мягкий свет, без текста на изображении
Отзывы и возвраты: одна система вместо просьб;Клиенты уходят не потому, что недовольны. Часто салон просто не выстроил момент, когда удобно оставить отзыв и выбрать следующую дату. Читайте в блоге Промт Диалог.;https://promtdialog.ru/blog/otzyvy-i-vozvraty-odna-sistema-vmesto-prosb;Плоская векторная иллюстрация, тёплая цветовая палитра синего и персикового: владелец/владелица салона красоты, уверенная поза, смотрит на графики роста выручки на планшете, на фоне лёгкие иконки сообщений, сердечка и календаря напоминаний, современный минималистичный стиль, мягкий свет, без текста на изображении
Выручка массажиста — ещё не ваши деньги;Полный день записи может выглядеть прибыльным, но в конце месяца денег почти не остаётся. Проверьте четыре цифры до повышения нагрузки. Читайте в блоге Промт Диалог.;https://promtdialog.ru/blog/vyruchka-massazhista-esche-ne-vashi-dengi;Плоская векторная иллюстрация, тёплая цветовая палитра синего и персикового: мастер-массажист, спокойный уверенный взрослый, руки в перчатках, массажный кабинет со свечами и полотенцами, на фоне иконки чека с растущей суммой и подарочная коробка услуг, современный минималистичный стиль, мягкий свет, без текста на изображении
Как мастеру заполнить запись в новом салоне без рекламы;В новом районе вас ещё не ищут по имени. Первые записи появляются не от скидки «для всех», а от понятного повода выбрать именно вас. Читайте в блоге Промт Диалог.;https://promtdialog.ru/blog/kak-masteru-zapolnit-zapis-v-novom-salone-bez;Плоская векторная иллюстрация, тёплая цветовая палитра синего и персикового: мастер маникюра/бровист за рабочим столом в светлой студии красоты, рядом плавают иконки соцсетей, рекламных объявлений и стрелка роста заявок, современный минималистичный стиль, мягкий свет, без текста на изображении
Аудит салона: где администратор теряет запись;ИИ быстро покажет слабые места салона, а вы сможете превратить выводы аудита в понятные действия на смене. Читайте в блоге Промт Диалог.;https://promtdialog.ru/blog/audit-salona-gde-administrator-teryaet-zapis;Плоская векторная иллюстрация, тёплая цветовая палитра синего и персикового: администратор салона красоты за стойкой ресепшн с планшетом и календарём записи, на фоне интерфейс мобильного приложения с уроками и кнопками ИИ-инструментов, современный минималистичный стиль, мягкий свет, без текста на изображении
Напоминания, которые снижают неявки;Неявка — это не только потерянный час мастера, но и сбой в загрузке всего салона. Настройте напоминания как управляемый процесс. Читайте в блоге Промт Диалог.;https://promtdialog.ru/blog/napominaniya-kotorye-snizhayut-neyavki;Плоская векторная иллюстрация, тёплая цветовая палитра синего и персикового: владелец/владелица салона красоты, уверенная поза, смотрит на графики роста выручки на планшете, на фоне лёгкие иконки сообщений, сердечка и календаря напоминаний, современный минималистичный стиль, мягкий свет, без текста на изображении
Допуслуга без неловкого «будете?»;Средний чек растёт не от списка услуг на стойке, а от точной рекомендации под запрос клиента. Читайте в блоге Промт Диалог.;https://promtdialog.ru/blog/dopusluga-bez-nelovkogo-budete;Плоская векторная иллюстрация, тёплая цветовая палитра синего и персикового: сотрудник салона красоты за работой в светлой студии, на фоне иконки чека с растущей суммой и подарочная коробка услуг, современный минималистичный стиль, мягкий свет, без текста на изображении
Чем заменить скидку для первого визита;Скидка приводит охотников за ценой. Вот четыре оффера, которые помогают новому клиенту выбрать вас без обесценивания услуги. Читайте в блоге Промт Диалог.;https://promtdialog.ru/blog/chem-zamenit-skidku-dlya-pervogo-vizita;Плоская векторная иллюстрация, тёплая цветовая палитра синего и персикового: сотрудник салона красоты за работой в светлой студии, рядом плавают иконки соцсетей, рекламных объявлений и стрелка роста заявок, современный минималистичный стиль, мягкий свет, без текста на изображении
Академия: курс под вашу роль, а не «для всех»;Новичку, опытному мастеру и владельцу сети нужны разные знания. В Академии обучение разделено по ролям и сразу связано с практикой. Читайте в блоге Промт Диалог.;https://promtdialog.ru/blog/akademiya-kurs-pod-vashu-rol-a-ne-dlya;Плоская векторная иллюстрация, тёплая цветовая палитра синего и персикового: сотрудник салона красоты за работой в светлой студии, на фоне интерфейс мобильного приложения с уроками и кнопками ИИ-инструментов, современный минималистичный стиль, мягкий свет, без текста на изображении
Как вернуть клиента после долгой паузы;Клиент пропал не всегда потому, что разочаровался. Часто ему просто никто вовремя не помог вернуться в привычный ритм. Читайте в блоге Промт Диалог.;https://promtdialog.ru/blog/kak-vernut-klienta-posle-dolgoy-pauzy;Плоская векторная иллюстрация, тёплая цветовая палитра синего и персикового: сотрудник салона красоты за работой в светлой студии, на фоне лёгкие иконки сообщений, сердечка и календаря напоминаний, современный минималистичный стиль, мягкий свет, без текста на изображении
Как научить администратора допродавать по-человечески;Администратор молчит о допуслугах не потому, что не умеет продавать. Чаще всего ему дали скрипт, но не объяснили логику рекомендации. Читайте в блоге Промт Диалог.;https://promtdialog.ru/blog/kak-nauchit-administratora-doprodavat-po-chelovecheski;Плоская векторная иллюстрация, тёплая цветовая палитра синего и персикового: сотрудник салона красоты за работой в светлой студии, на фоне иконки чека с растущей суммой и подарочная коробка услуг, современный минималистичный стиль, мягкий свет, без текста на изображении
Как заполнить окна в межсезонье без скидки на всё;Пустые часы не закрываются постом «есть окошки». Нужен отдельный оффер и короткий путь от увидел до записался. Читайте в блоге Промт Диалог.;https://promtdialog.ru/blog/kak-zapolnit-okna-v-mezhsezone-bez-skidki-na;Плоская векторная иллюстрация, тёплая цветовая палитра синего и персикового: сотрудник салона красоты за работой в светлой студии, рядом плавают иконки соцсетей, рекламных объявлений и стрелка роста заявок, современный минималистичный стиль, мягкий свет, без текста на изображении
Три визита, после которых клиент остаётся;Разовый клиент не обязан стать постоянным сам по себе. Первые три встречи должны дать ему понятный опыт и повод вернуться. Читайте в блоге Промт Диалог.;https://promtdialog.ru/blog/tri-vizita-posle-kotoryh-klient-ostaetsya;Плоская векторная иллюстрация, тёплая цветовая палитра синего и персикового: сотрудник салона красоты за работой в светлой студии, на фоне лёгкие иконки сообщений, сердечка и календаря напоминаний, современный минималистичный стиль, мягкий свет, без текста на изображении
Абонементы покупают не из-за скидки;Пакет услуг не должен выглядеть как попытка взять с клиента больше денег. Покажите понятную выгоду — и решение станет проще. Читайте в блоге Промт Диалог.;https://promtdialog.ru/blog/abonementy-pokupayut-ne-iz-za-skidki;Плоская векторная иллюстрация, тёплая цветовая палитра синего и персикового: сотрудник салона красоты за работой в светлой студии, на фоне иконки чека с растущей суммой и подарочная коробка услуг, современный минималистичный стиль, мягкий свет, без текста на изображении
Как закрыть окна в расписании без скидок «для всех»;Пустое окно завтра — не повод срезать цену на весь прайс. Вот что можно сделать за 30 минут, чтобы вернуть запись. Читайте в блоге Промт Диалог.;https://promtdialog.ru/blog/kak-zakryt-okna-v-raspisanii-bez-skidok-dlya;Плоская векторная иллюстрация, тёплая цветовая палитра синего и персикового: сотрудник салона красоты за работой в светлой студии, рядом плавают иконки соцсетей, рекламных объявлений и стрелка роста заявок, современный минималистичный стиль, мягкий свет, без текста на изображении
